JEANNE D'ARC;926;02057-02095-02101-02270-02430-02430-02576-02691-02722-02758-03006-03310-04088-06004-06079-06079-06083-06088-06088-06123-06123-06132-06136-07019-07042-07201-07281-07281-08008-08105-08210-08311-08311-08328-08490-09160-09225-10115-10323-10349-10387-11076-11116-11170-11206-11236-11288-11315-11315-12301-13005-13005-13205-13208-13211-13335-13338-13341-13001-13014-13027-13045-13045-13045-13051-13052-13054-13071-13083-13084-13092-14076-14079-14118-14118-14118-14181-14366-14366-14371-14488-14562-14692-14738-14752-14754-16015-16102-16166-16166-16374-17094-17168-17299-17300-17306-17306-17484-18033-18033-18083-18141-18194-19028-21154-21231-22007-22186-22222-22278-22325-22353-23076-23096-24037-24322-25031-25462-25462-26116-26116-26281-26281-27003-27229-27453-28085-28134-28163-29019-29040-29046-29072-29105-29105-29105-29124-29135-29135-29158-29165-29185-29215-29220-29220-29232-29235-29235-29239-29259-30006-30007-30028-30034-30103-30132-30155-30189-30305-30350-31048-31100-31116-31247-31390-31396-31584-32296-33009-33032-33039-33056-33063-33146-33146-33268-33281-33314-33314-33318-33514-34039-34095-34114-34172-34202-34239-34285-34285-34301-34337-35037-35049-35093-35115-35176-35196-35219-35236-35238-35257-35311-36044-36044-37014-37042-37072-37072-37072-37077-37111-37123-37123-37132-37177-37212-37216-37261-37273-38185-38399-39189-41018-41018-41046-41135-41135-41161-41194-41242-42094-42147-42147-42187-42207-42207-42218-42218-42224-42279-42279-43020-43020-43080-43137-43148-43177-43177-43216-43224-43251-44003-44012-44026-44036-44051-44055-44073-44081-44109-44114-44131-44132-44135-44142-44153-44154-44154-44158-44161-44161-44182-44184-44184-44199-44215-45053-45068-45089-45155-45158-45173-45203-45229-45234-45248-45264-45270-45284-45296-45315-47001-47004-47027-47065-47265-47323-47323-47323-48092-49007-49007-49018-49023-49034-49071-49083-49083-49099-49103-49103-49180-49192-49193-49212-49212-49240-49248-49264-49268-49301-49301-49328-49328-49375-50031-50074-50099-50129-50147-50173-50218-50341-50381-51076-51079-51102-51108-51171-51172-51183-51212-51230-51248-51380-51434-51454-51530-51536-51571-51585-51612-51660-52121-52376-52448-53096-53121-53130-53147-53157-53161-53161-53201-53211-54011-54076-54084-54099-54129-54135-54145-54157-54159-54167-54174-54174-54182-54205-54215-54234-54239-54263-54263-54273-54314-54321-54322-54323-54329-54335-54353-54382-54393-54394-54395-54395-54395-54400-54415-54451-54476-54476-54483-54509-54528-54536-54547-54549-54568-54579-54580-55029-55063-55122-55184-55200-55210-55348-55350-55462-55463-55466-55467-55502-55504-55526-55533-55545-55545-55553-55570-55570-55573-56053-56055-56098-56121-56124-56143-56154-56178-56212-56260-56262-57012-57028-57028-57032-57049-57089-57095-57101-57106-57124-57132-57134-57143-57202-57206-57213-57224-57227-57240-57242-57242-57245-57261-57269-57282-57283-57287-57306-57352-57356-57433-57451-57463-57477-57480-57481-57491-57537-57543-57546-57591-57599-57601-57630-57631-57640-57642-57645-57647-57650-57650-57658-57660-57666-57667-57672-57683-57712-57742-57757-58194-58264-58264-58264-59009-59017-59090-59106-59107-59168-59178-59183-59202-59212-59252-59266-59271-59295-59295-59327-59328-59346-59350-59350-59352-59367-59368-59378-59386-59410-59421-59431-59482-59507-59508-59527-59569-59599-59647-59648-59650-59074-59074-59104-59151-59194-59249-59253-59392-59481-59606-59616-59623-59624-60053-60057-60088-60159-60382-60395-60471-60506-60625-61001-61006-61022-61144-61483-61483-61483-62025-62035-62041-62056-62108-62133-62193-62248-62261-62318-62324-62343-62397-62413-62427-62498-62510-62637-62667-62826-62861-62893-63047-63103-63113-63300-63307-63327-64122-64371-64371-64445-65031-65286-65286-66016-66021-66037-66045-66050-66059-66069-66088-66136-66138-66176-66195-66212-67106-67177-67268-67377-67388-67388-67400-67482-67482-67487-67506-67554-67554-68026-68056-68066-68113-68150-68152-68155-68217-68224-68271-68295-68334-68355-68374-68384-69202-69244-69259-69383-69383-70404-70521-70550-71342-72189-73236-74256-75013-75013-75113-75113-76030-76057-76081-76095-76108-76137-76165-76192-76255-76322-76351-76367-76414-76498-76540-76540-76552-76711-76711-77014-77083-77108-77226-77243-77284-77284-77288-77322-77327-77371-77464-78158-78517-78551-78586-78646-78686-79038-79076-79179-79191-79195-79195-79210-79235-79235-79329-80001-80021-80136-80228-80318-80464-80533-80585-80635-80680-80685-80834-81128-81163-81222-81227-81239-81266-81271-82121-83016-83033-83118-83137-84007-84007-84080-85039-85039-85051-85051-85082-85109-85113-85113-85119-85119-85127-85146-85191-85194-85226-85236-85243-85247-85250-85264-85300-85302-86137-86194-87041-87085-88009-88044-88066-88079-88094-88118-88160-88206-88209-88241-88296-88304-88321-88327-88400-88413-88413-88447-88451-88451-88465-88465-88486-88516-89024-89068-90010-90020-90022-90052-90053-90099-91477-91479-92004-92009-92025-92035-92036-92050-92002-92002-92007-92014-92020-92023-92040-92048-92072-92077-93005-93005-93029-93033-93046-93048-93053-93059-93064-93066-93070-93077-94003-94017-94018-94042-94058-94067-94068-94073-94077-94077-94078-94079-95018-95063-95091-95091-95197-95197-95203-95219-95219-95252-95252-95268-95424-95487-95487-95555-95563-95582-95612-97103-97108-97112-97112-97117-97123-97128-97304-97407-97407-07019-10091-10349-10359-17331-22113-22113-22275-25529-31555-33395-34028-34042-35015-35069-36146-36146-39388-42145-43152-43165-45279-49180-50400-52055-53196-54143-55467-55551-56028-57165-59009-60047-60176-60450-60667-60695-60695-69110-72181-74257-76057-76173-80649-80721-86066-86066-88039-88219-91174-91377-91421-91549-91691-93078-97615
GEORGE SAND;652;01030-01031-02691-03025-03051-03055-03095-03185-03195-03321-06088-07102-07316-08105-08362-08363-09043-09157-09261-10060-11069-11203-11262-11410-12013-12176-13004-13103-13112-14118-14229-14301-14327-14341-14383-14488-14630-14738-16102-16113-16358-17142-17147-17200-17274-17299-17300-17306-17349-17421-17434-18015-18018-18033-18033-18033-18035-18038-18057-18083-18103-18126-18127-18137-18137-18141-18170-18180-18193-18197-18197-18205-18207-18213-18242-18279-18279-19031-19229-21166-21231-21317-21452-21603-22136-22187-22225-22278-22299-22360-22372-23008-23021-23025-23031-23064-23070-23096-23176-23209-23245-24053-24102-24520-25035-25056-26057-26058-26088-26165-26198-26235-26252-26281-26313-26362-27458-28130-28209-28218-28229-28404-29003-29019-29039-29060-29072-29158-29189-29220-29232-29241-29254-30007-30007-30011-30141-30169-30189-30202-31069-31135-31157-31186-31424-31433-31433-31451-31460-31488-31517-31555-31557-32013-32160-33056-33140-33162-33192-33192-33200-33314-33318-33393-33434-33449-33550-34001-34003-34032-34037-34079-34090-34145-34150-34172-34180-34183-34240-34270-35006-35055-35066-35068-35085-35120-35126-35150-35152-35197-35204-35204-35209-35236-35238-35266-35281-35284-35334-35338-36001-36005-36005-36006-36016-36016-36018-36044-36045-36046-36046-36063-36070-36071-36093-36120-36140-36140-36141-36155-36158-36159-36161-36171-36182-36189-36195-36200-36230-37003-37014-37046-37050-37063-37072-37078-37104-37109-37110-37115-37122-37173-37194-37224-37226-37261-37261-37273-38151-38169-38185-38337-38357-38421-38474-38517-38563-39440-40065-40088-40261-40281-40296-40333-41018-41136-41139-41139-41143-41185-41194-41209-41269-41295-42044-42123-42123-42127-42184-42187-42222-42222-42223-42271-42279-42305-42316-42323-42323-42338-43040-43157-44004-44009-44009-44026-44035-44035-44047-44051-44055-44071-44071-44103-44109-44114-44120-44160-44162-44162-44184-44189-44195-44201-44209-44211-44215-44216-45004-45061-45068-45147-45234-45269-45284-45302-45338-47001-47004-47004-47100-47157-47201-47310-47323-47323-49007-49015-49020-49099-49165-49176-49214-49246-49247-49267-49301-49301-49343-49353-50173-51092-51210-51329-51454-51649-51662-52353-52448-53130-53201-54254-54300-54395-54459-54526-56083-56098-56121-56143-56162-56165-56178-56179-56185-56185-56206-56231-56260-57160-57206-57269-57428-57433-57474-57565-57572-57603-57659-57660-58086-58088-58088-58134-58151-58194-58303-59034-59155-59165-59271-59273-59295-59350-59457-59560-59566-59576-59588-59646-59648-59063-59207-59324-59392-59459-60103-60139-60157-60342-60360-60382-60382-60382-60395-60450-60463-61001-62040-62041-62083-62139-62173-62193-62397-62400-62401-62427-62498-62617-62643-62753-62758-62899-63063-63113-63164-63178-63236-63247-63322-64024-64140-64445-65417-65433-65440-66008-66136-66144-66171-66171-66212-67008-67173-67218-67482-67506-68066-68224-68309-69013-69092-69092-69092-69092-69207-69243-69266-69273-69279-69282-69283-69286-69287-69290-71059-71076-71270-71445-71475-72035-72042-72080-72080-72090-72176-72181-72217-72269-73008-73065-73179-74182-74268-75016-75016-75116-75116-76217-76351-76374-76484-76497-76540-76575-77055-77083-77139-77139-77183-77373-77382-77430-77430-77445-78029-78118-78251-78335-78418-78423-78423-78586-78621-78642-79003-79003-79191-79202-79270-79329-80021-81060-81105-81257-82112-82121-82194-83062-83064-83126-83129-83137-84031-84081-84089-84092-85008-85026-85026-85082-85146-85191-86018-86018-86041-86100-86115-86146-86174-86194-87002-87048-87050-87061-87085-87089-87106-87114-87126-87154-87158-88209-89263-89345-89461-90010-90075-91085-91103-91114-91114-91174-91228-91292-91315-91318-91326-91332-91345-91386-91432-91458-91471-91477-91494-91521-91521-91534-91552-91573-91657-91661-91687-91689-92036-92063-92063-92002-92020-92020-93007-93032-93051-93055-93066-93072-93079-94017-94021-94022-94028-94044-94044-94053-94060-94068-94070-94071-94078-94081-95091-95197-95210-95280-95280-95555-95572-95574-95680-97411
LOUISE MICHEL;512;01031-01053-01345-01354-02110-02340-02468-02691-02805-04049-04049-07076-07319-07324-08081-08105-08302-08363-08480-09122-09265-10064-11069-11102-11106-11203-11262-12145-13215-13345-13014-13015-13039-13041-13056-13056-13097-13107-14076-14167-14225-14271-14309-14365-14437-14488-15014-16015-16089-17028-17219-17299-17300-17347-17400-17415-17421-17434-18033-18207-18214-18267-18279-19123-19275-21231-21355-21515-21603-21617-22190-22190-22215-22225-22278-22360-22372-23096-24053-24138-24372-25031-25056-25304-26116-26281-27229-27469-27602-28209-28359-28404-28404-29004-29019-29024-29039-29046-29055-29151-29212-29232-29241-30133-30186-30202-30243-31044-31113-31157-31203-31232-31433-31446-31488-31547-31555-32013-32331-33013-33167-33238-33243-33318-33366-33472-34090-34114-34120-34154-34163-34172-34217-34217-35055-35088-35139-35152-35275-35281-36006-36088-36241-37063-37109-37122-37123-37172-37261-37267-37273-37273-38022-38053-38087-38130-38140-38151-38175-38185-38309-38317-38421-38425-38538-39198-41139-41226-41226-42044-42184-42184-42184-42189-42218-42275-42316-42316-43040-44020-44035-44074-44101-44109-44120-44143-44162-44166-44172-44176-44184-44184-44189-44210-45068-45147-45252-45302-46029-49007-49246-49353-50173-50502-51055-51160-51172-51230-51250-51492-52045-52093-52239-52269-52332-52448-52549-53130-54076-54273-54273-54385-54425-54482-54526-54528-56007-56083-56090-56098-56121-56121-56158-56178-56185-56244-57283-57306-57508-57663-57757-58062-58088-58121-58194-58303-59009-59009-59017-59082-59155-59163-59165-59271-59276-59345-59350-59350-59355-59359-59390-59409-59456-59524-59574-59646-59650-59014-59037-59063-59074-59075-59112-59136-59139-59140-59206-59243-59249-59253-59322-59383-59383-59459-59475-59481-59504-59547-59557-59651-60157-60234-60395-60509-60589-61001-62032-62041-62065-62083-62110-62119-62126-62133-62160-62193-62215-62249-62274-62329-62427-62457-62473-62498-62510-62570-62637-62705-62724-62746-62753-62758-62771-62841-62842-62907-63069-63113-63178-63352-64445-65047-65127-65417-65433-65433-65433-65433-65440-65460-66028-66141-66172-66213-67482-69091-69259-69264-69266-69275-69276-69283-69287-69290-69291-71063-71076-71081-71153-71270-71310-71445-71475-71486-72058-72090-72154-72161-72181-73261-76005-76114-76178-76212-76305-76312-76319-76322-76351-76351-76384-76498-76640-76681-76705-77083-77108-77122-77169-77327-77330-77349-77350-77390-77445-77475-77493-77495-78073-78208-78208-78297-78311-78335-78362-78382-78418-78586-78621-79048-79062-79191-80021-80164-80212-80360-80368-80368-80368-80674-81065-81120-81120-81271-81308-82121-83062-83126-84007-84019-84039-85008-85159-85166-85191-86041-86041-86066-86174-86194-86263-87064-87073-87085-87106-87114-87125-87131-88079-89460-90033-90075-91201-91223-91228-91286-91363-91377-91434-91573-91657-91685-92025-92036-92044-93005-93006-93007-93008-93010-93027-93029-93030-93048-93050-93051-93053-93057-93064-93066-93070-93078-94021-94022-94033-94042-94044-94053-94060-94074-94076-94078-94079-94081-95063-95091-95149-95252-95280-95371-95572-95585-95607-95637-95637-95641-95680-95680-97407-97408-97416-97420
IRENE JOLIOT CURIE;506;01033-01091-02018-02063-02064-02093-02157-02196-02243-02334-02336-02340-02355-02361-02408-02477-02539-02540-02575-02805-03098-03101-03185-03186-03236-04112-04197-07076-07181-07181-07319-08003-08105-08363-08488-08491-09157-09324-10220-10261-10261-11049-11068-11099-11145-11206-11255-11279-11315-11429-12052-13014-13027-13033-13037-13037-13043-13043-13053-13056-13077-13088-13092-13104-14530-16015-16113-16199-17091-17219-17274-17449-18011-18015-18050-18096-18097-18108-18207-18213-18214-18279-19276-21337-21425-21617-22004-22070-22106-22136-22161-22190-22207-22222-22225-22238-22325-22364-23030-23176-24138-24138-24442-24442-26198-26362-27226-27226-27299-27299-27374-27412-27425-27622-28015-28196-28214-28218-28359-29024-29072-29081-29163-29163-29165-29168-29241-29284-30141-30189-30202-30243-30284-30334-30344-31033-31203-31467-31467-31483-32132-33032-33063-33096-33200-33268-33281-33422-33434-33529-33550-34028-34130-34154-34166-34172-34176-34180-34194-34194-34301-35068-35126-35228-36045-36063-36063-36127-36220-37159-37226-37231-38070-38140-38158-38169-38175-38182-38421-38468-38468-38486-38524-38537-38563-39097-39434-40279-40281-40312-40312-41136-41280-41280-42029-42147-42177-42332-43112-44036-44047-44055-44109-44168-44172-44195-45004-45068-45147-45234-45338-46029-46042-47021-47031-47032-47168-47168-47233-47310-47318-49099-49201-49267-49328-50129-50383-51242-51338-51338-51454-52045-52182-52269-52353-52353-54039-54076-54076-54283-54284-54295-54322-54322-54364-54364-54366-54367-54385-54425-54462-54526-54580-56083-56185-56193-56255-56262-57041-57058-57124-57491-57602-57620-57663-58088-58121-58303-59011-59026-59043-59131-59152-59156-59299-59388-59489-59507-59508-59509-59560-59569-59035-59079-59092-59179-59205-59249-59291-59313-59369-59422-59471-59541-59547-59589-59622-60044-60119-60513-60578-60636-60700-62051-62213-62405-62413-62443-62473-62525-62570-62617-62666-62865-63124-63193-63354-64191-64191-64260-64284-64284-64284-64284-65007-65047-65304-65433-65433-65440-65440-66002-66002-66002-66016-66021-66023-66026-66027-66027-66028-66037-66065-66133-66141-66168-66172-66175-66212-66230-67204-67343-68321-69089-69152-69157-69211-69244-69256-69276-69283-69385-70310-72039-72080-72127-72132-72205-72269-73248-73303-74182-74305-76178-76178-76216-76367-76497-76575-77099-77108-77305-77413-77458-80011-80016-80240-80318-80489-80561-80639-80685-80770-80820-81004-82044-82121-82190-83067-84081-84141-85054-85151-85255-86070-87032-87048-87065-87089-87126-87126-87131-87154-88415-89338-89399-91085-91216-91232-91272-91312-91315-91315-91318-91377-91533-91573-91587-91589-92032-93050-94011-94073-95018-95127-95183-95388-95388-95392-95394-95572-95572-95607-97107-97223-97227-97407-97408-01053-09188-09188-11262-13004-14167-14228-14271-21231-21231-22215-26058-26281-26362-27116-27116-31395-31433-33550-35047-35281-35334-35360-37122-37172-42069-42099-42184-42184-44166-51230-56098-56121-56178-56260-57283-59165-59227-60338-63178-65100-69259-69290-76319-76351-77018-77373-78621-79191-80570-84007-86194-88160-90010-92002-93053-93063-94041
HELENE BOUCHER;447;01004-01053-01091-02691-02738-02738-03098-03101-03101-03321-04070-05061-06027-06079-07102-08003-08302-08403-09225-10081-10081-10268-10357-10401-11069-11262-11429-12133-13208-13338-13014-13033-13033-13047-13063-13112-14005-14047-14118-14225-14366-14488-16015-16093-17028-17168-17299-17306-17434-17461-21154-21231-21473-21605-21617-22113-22136-22187-22251-22360-23096-24053-25388-25462-25560-26198-26362-27229-27230-27306-27375-27448-27448-28015-28033-28085-28085-28088-28088-28116-28177-28199-28214-28218-28220-28227-28302-28404-28422-28423-29019-29026-29039-29069-29069-29075-29075-29105-29160-29162-29179-29212-29212-29216-29232-29233-29235-29254-30007-30047-30141-30189-30227-30227-30258-31069-31150-31157-31364-31395-31433-31445-31445-31446-31451-31488-31555-31557-31557-31574-33005-33009-33011-33238-33243-33281-33312-33324-33376-33422-33449-33529-34032-34057-34108-34154-34172-34198-34199-34202-34270-35012-35136-35238-35245-35275-35281-35284-35288-35334-37109-37250-37261-37273-38140-38425-40088-40117-40192-40217-40217-40279-40312-41018-41136-41185-41238-41269-42005-42094-42127-42184-42186-42187-42189-42207-42222-42302-44003-44020-44036-44055-44071-44101-44101-44103-44109-44114-44131-44160-44162-44163-44172-44184-44187-44190-45068-45248-45284-45302-45338-45338-46042-47157-47157-47168-47168-47201-47323-49007-49099-49188-49214-49267-49301-49323-49343-50173-50203-51242-51454-51573-52121-53062-53084-53107-54257-54328-54373-54395-54495-56053-56063-56083-56098-56121-56143-56162-56185-56260-57032-57433-57447-57602-57603-57631-57678-58079-58121-58194-58303-59017-59178-59279-59328-59378-59457-59512-59599-59602-59636-59650-59033-59324-59428-60103-60155-60175-60346-60395-60463-60509-60509-60509-61001-61001-62133-62173-62193-62263-62427-62498-62510-62525-62774-62893-63124-64122-64245-64260-64483-65433-65433-65440-66136-67482-69029-69034-69264-69271-69273-69279-69282-69283-69286-69290-69290-71076-71486-72003-72003-72090-72090-72181-72264-73008-73008-74011-74268-74305-76103-76114-76116-76255-76305-76319-76322-76351-76402-76476-76476-76575-76640-76640-77053-77058-77285-77323-78117-78158-78158-78242-78297-78311-78356-78418-78440-78640-78640-78688-79003-79057-79191-80674-80799-81004-81099-81257-82121-83047-83050-83061-83064-83107-83137-85008-85047-85047-85081-85082-85128-85191-85194-85300-86027-86046-86194-87075-87085-87113-87114-88424-89024-89345-90010-90075-91021-91021-91027-91086-91161-91345-91345-91377-91432-91479-91573-91589-91635-91687-91689-91691-92025-92020-92060-93013-93027-93047-93050-93051-93053-93064-93071-93078-94021-94034-94054-94073-94076-94078-95051-95219-95250-95252-95280-95280-95306-95323-95427-95487-95585-95598-95604-95607-95607-97418-97422
MARYSE BASTIE;413;01004-01053-01053-01089-01091-01344-02572-02691-03101-03185-04070-05061-06027-06029-08105-08302-10030-10064-10268-10321-10323-10401-11069-11262-12133-13001-13103-14118-14366-16015-16093-16093-16102-16166-16199-16199-16358-16374-17219-17219-17306-17461-18018-18033-18279-19031-19153-21054-21154-21355-22113-22136-22215-22222-22360-24026-24138-24340-24547-25388-25560-26037-26058-26088-26116-26198-26362-27306-27375-27448-27684-28214-28220-28404-29019-29026-29039-29075-29105-29160-29197-29204-29212-29232-29233-29254-30042-30141-30189-30211-30258-31032-31069-31157-31186-31187-31187-31203-31364-31421-31424-31445-31445-31480-31526-31547-31555-31584-31588-33005-33009-33011-33019-33032-33051-33056-33063-33075-33162-33162-33229-33243-33281-33314-33318-33318-33376-33422-33449-33514-33522-33529-33550-34032-34057-34108-34172-34202-34270-34324-35047-35066-36044-37018-37109-37122-37122-37250-37250-37261-37267-37273-37273-37273-40192-40279-40296-41018-41136-41185-41226-41226-41269-42005-42094-42187-42189-42207-42222-43112-44020-44055-44103-44109-44114-44120-44131-44143-44172-44184-44190-44216-45187-45191-45284-45302-45338-46042-46042-47157-47168-47201-47323-49007-49015-49015-49127-49160-49241-49246-49289-49343-50203-51454-51573-51662-52121-52448-53014-53062-54367-54495-55351-55545-56007-56260-57119-57221-57306-57447-57631-58121-58303-59178-59328-59343-59457-59599-59602-59392-59428-60057-60159-61001-62160-62193-62244-62263-62427-62473-62510-62525-62575-62774-62893-62894-63069-63113-63124-64024-64138-64245-64445-64483-65047-65433-65440-65440-66136-66189-66213-67180-67482-69029-69034-69271-69273-69277-69279-69282-69283-69286-69288-69290-69388-70550-71486-72003-72090-72090-72181-72264-73008-74133-74268-75013-75113-76114-76116-76116-76157-76157-76165-76322-76322-76351-76402-76462-76476-76575-77031-77058-77153-77181-77284-77285-77323-78160-78267-78269-78297-78343-78361-78418-78440-78498-78621-78640-79003-79057-79191-81004-81021-81099-81257-82121-82186-83064-83064-84031-84035-85008-85047-85081-85081-85191-85194-86018-86018-86027-86027-86041-86066-86146-86174-87002-87011-87048-87050-87050-87065-87075-87085-87103-87106-87113-87114-87125-87143-87154-87158-87169-87187-87205-89024-89257-91021-91027-91086-91103-91103-91103-91182-91312-91345-91458-91477-91479-91549-91573-91687-91689-92063-92020-93005-93010-93027-93047-93048-93051-93053-93064-93071-93078-94021-94022-94054-94055-94059-95250-95280-95306-95323-95427-95585-95598-95604-95607-95607-97304-97304-97306-97312
MARIE CURIE;389;01289-02054-02059-02304-02566-03262-05179-07022-07042-07255-07319-07349-08039-09194-09225-09225-09265-10003-10033-10325-10325-10387-10387-11088-11280-11354-11379-12013-12270-13039-13097-13103-13103-14117-14301-14327-14365-14366-14488-14738-15012-15145-16078-16154-16187-16292-17411-17414-21154-21171-21231-21292-21515-21605-22246-22360-24372-25193-25293-25429-26058-26088-26124-26170-26281-26281-27158-27278-27429-27602-27668-28004-28059-28209-28220-28358-29015-29031-29042-29051-29061-29069-29069-29069-29069-29075-29160-29189-29220-29232-30028-30155-30156-30258-31069-31149-31149-31157-31389-31446-31451-31488-31506-31547-31555-31557-31557-32307-33063-33162-33192-33192-33199-33214-33214-33227-33238-33284-33318-33366-33393-33422-33527-34057-34090-34113-34119-34157-34163-34239-34299-35001-35023-35069-35227-35275-35284-35297-37063-37077-37123-37154-37224-37267-37273-38130-38193-38544-38545-38563-39490-40168-40202-40273-40281-40294-40312-41136-41139-41149-41149-41209-41295-42022-42069-42069-42071-42094-42127-42222-42279-42302-44002-44009-44009-44026-44035-44066-44113-44114-44190-44210-44215-47048-47252-47252-47323-49301-49343-49378-49378-51108-51160-51344-51506-51573-53054-53219-54060-54171-54270-54286-54314-54395-54439-54493-54521-55181-56137-56158-56176-56176-56243-57089-57132-57221-57631-57757-57762-59013-59028-59044-59052-59090-59168-59329-59334-59400-59414-59414-59457-59636-59646-59650-59663-59365-59392-59407-60116-60130-60277-60360-60380-60398-60581-60589-61006-61116-61168-61169-61464-62063-62263-62473-62534-62575-62637-62737-62794-62861-63178-63178-63352-63455-65127-65127-65286-66028-66049-66065-66172-66195-66212-67001-67089-67089-67252-67267-67300-67465-67544-68021-68203-68375-69064-69157-69273-71059-71063-71073-71269-71445-71475-71482-72042-72054-72154-72231-72260-72346-73261-74010-74012-74016-74208-74256-74312-75013-75113-76305-76474-76481-76540-76640-77051-77055-77058-77096-77153-77258-77285-77294-77378-77407-77513-78168-78208-78208-78383-79048-79216-80164-80585-81120-82112-82112-82112-83047-83050-83099-83137-84029-84029-85008-85027-85038-85052-85070-85082-85128-85243-85262-85302-86027-86027-86078-86115-86222-86263-86281-87061-87073-87081-87105-88413-90075-91161-91330-91363-91376-91552-91617-91685-92004-92050-92078-93010-93070-94054-94059-95042-95205-95229-95351-95566-95598-95598-97304-97407
COMTESSE DU BARRY;325;01275-04061-04104-04124-04144-04242-05011-05017-05023-05023-05088-05149-05170-06064-07005-07019-07019-07019-07019-07110-07110-07110-07110-07110-07122-07131-07138-07138-07273-07287-07291-07291-07330-07341-09002-09038-09038-09043-09061-09061-09080-09080-09103-09105-09105-09124-09157-09180-09241-09241-09280-09282-09290-09290-09324-11004-11004-11007-11018-11025-11027-11043-11069-11072-11078-11084-11119-11121-11143-11143-11153-11175-11178-11197-11207-11214-11222-11222-11228-11242-11254-11288-11315-11315-11380-11418-11424-11428-11432-11436-11439-12037-12037-12044-12044-12050-12057-12066-12069-12069-12069-12080-12087-12098-12098-12115-12115-12119-12119-12138-12145-12145-12153-12154-12196-12196-12199-12213-12220-12220-12222-12223-12225-12229-12243-12253-12270-12271-12286-12286-12291-12299-13101-13015-13087-13092-13112-13113-15082-15134-15138-15152-15169-15169-19061-19062-19072-19125-19174-19174-19180-19180-19251-19258-19276-24028-24291-24516-25497-26165-26188-30005-30041-30049-30057-30085-30096-30116-30139-30174-30207-30207-30268-30273-30317-30331-30339-31026-31028-31031-31037-31037-31094-31100-31113-31230-31304-31338-31374-31380-31390-31401-31405-31410-31450-31462-31483-32012-32019-32019-32106-32279-32285-32410-32417-32433-32462-33393-33407-34012-34029-34036-34106-34117-34144-34163-34173-34173-34173-34187-34196-34223-34229-34232-34251-34254-34260-34268-34284-34286-34304-38128-40092-46040-46040-46066-46128-46179-46179-46182-46293-46297-46314-47106-47145-47203-47232-47289-48017-48027-48088-48090-48092-48092-48096-48140-48140-48147-48147-63014-63121-63121-63455-64173-64338-64453-64453-65032-65395-66234-69286-69286-81051-81055-81069-81131-81139-81145-81145-81156-81160-81170-81219-81257-81257-81289-81315-81315-81317-82026-82035-82050-82054-82088-82093-82096-82096-82125-82147-82147-82151-82169-82169-82169-83083-83089-83091-83143-84005-84008-84017-84026-84064-84065-84065-84091-84091-84103-84107-84124-84124-84126-87001-87001-87180
EDITH PIAF;268;01053-01388-02468-03013-07255-07346-09265-09339-10325-11437-12145-14020-14221-14258-14311-14566-14692-16015-16358-17409-18033-18267-21171-22106-22136-22360-24037-24053-24102-24218-24372-25031-26057-26058-26198-26252-26362-27022-27056-27229-27284-27602-29019-29105-29241-30020-30112-30243-31107-31187-31187-31248-31364-31433-31451-31483-31555-32013-33005-33281-33318-33393-34032-34052-34063-34172-34172-34270-35047-35055-35073-35139-35206-35238-35238-35239-35281-35334-36044-36063-37122-37156-37267-38087-38140-38468-38538-40279-40281-40312-40312-42184-42207-42218-42237-42305-44015-44018-44020-44032-44143-44162-44179-44184-44190-44210-44215-45004-45119-45147-45155-45234-45285-46042-46042-46185-47027-47100-47209-49007-49023-49353-49373-51055-51160-53147-54184-54215-54521-56007-56042-56076-56083-56098-56107-56121-56173-56178-56185-56185-56206-57474-57602-57659-58086-58134-59113-59178-59350-59466-60157-60277-60368-60589-62019-62040-62048-62108-62249-62842-62865-63063-63113-63113-63141-63284-66050-66069-66101-66212-66213-69027-69199-69264-69273-69277-69389-69389-70285-71063-71076-71154-71176-71263-71270-71499-71585-72054-72146-72154-72176-72181-72195-72344-72344-73065-73179-76101-76351-76575-76575-76640-76705-77307-77333-77333-77350-77430-77493-78029-78208-78208-78586-79191-80680-81004-81048-81060-81120-81144-82017-82121-83116-83129-85003-85060-85082-85094-85128-85159-85191-85191-86041-86066-86157-86194-86284-87011-87019-87064-87065-87081-87085-87113-87114-87178-89024-90075-91174-91434-91552-91570-91573-91657-92019-92023-93050-93059-93078-94011-94021-94043-95268-95280-95487-97407-97418-97422
COLETTE;257;01033-01053-01289-02147-02691-02722-07349-08003-08105-10333-10333-11099-11116-11202-13004-13056-14246-14341-16374-17274-17306-18033-18285-19031-19153-19229-19278-21054-21171-21264-21355-21425-21501-21540-21617-24013-25036-25056-25411-26008-26198-26281-26362-27229-29019-29039-29124-30007-30141-30189-30211-30284-31483-31488-31555-33063-33119-33162-33167-33214-33243-33281-33318-34037-34079-34090-34154-34172-34183-34270-35120-35126-35139-35152-35238-35288-37063-37208-37261-37273-38140-40312-42071-42127-42184-42218-42279-44009-44109-44162-44195-44210-45085-45147-45338-47032-47100-47323-49007-49007-49007-49176-49246-49343-50403-51227-52448-52455-53062-54300-54300-54328-54395-54533-55545-56083-56098-56158-56206-57433-57660-58086-58086-58151-58303-59009-59009-59044-59165-59222-59273-59350-59355-59032-59186-60057-60175-60636-62045-62740-62819-65433-66008-66171-67043-67447-67482-69092-69092-69115-69256-69259-69282-69283-69286-69287-69290-69388-70285-71014-71040-71076-71118-71154-71270-71445-71475-71486-71585-72080-72127-72181-72217-75001-75101-76351-76358-76374-76463-76540-76575-77124-77139-77350-77382-77430-77430-78005-78049-78423-78440-78571-79003-79191-80021-81060-81257-82112-82186-83062-83065-83118-83119-84031-85082-85191-86018-86018-86174-87065-87085-87114-87125-87154-89013-89024-89066-89096-89125-89136-89206-89257-89263-89287-89309-89338-89345-89368-89369-89387-89399-89419-89449-89478-90010-91191-91235-91235-91363-91386-91421-91458-91573-91573-91657-92063-92020-93078-94022-94068-94081-95203-95424-95572-95607-95651-95680
ELSA TRIOLET;243;03101-03185-07076-07181-07319-07349-08105-11099-11203-13085-13086-13208-13338-13056-13078-13098-13102-14167-14197-14225-14271-14301-14338-14341-15014-15014-16015-16358-18096-18207-18279-21231-21355-21425-21515-22278-22360-24053-25056-26058-26252-26333-26362-27008-27165-27165-27229-29019-29039-29051-29212-29233-30007-30032-30032-30141-30284-30341-31069-31113-31113-31282-31547-32013-33013-33075-33119-33162-33281-33318-33550-34037-34090-34154-34162-34163-35120-35152-35206-35238-37123-37156-37217-37273-38130-38140-38185-38344-38421-38425-38468-38562-39189-39198-40001-40065-40312-40312-42127-42183-42184-42279-42316-44020-44035-44074-44143-44162-44184-44210-45147-45302-47032-49099-50129-51055-52045-52448-54174-54270-54526-54528-54528-56185-57283-57666-58134-58303-59126-59152-59345-59350-59457-59560-59569-59599-59654-59032-59033-59205-59253-59302-59475-59603-60584-60584-62019-62051-62065-62133-62193-62215-62215-62351-62473-62570-62575-62587-62637-62737-62771-62841-63124-63178-65007-65433-66008-66028-68300-69029-69157-69282-69290-70285-70285-71076-71118-71270-71486-72054-72080-72181-72346-73032-73032-73065-76114-76296-76305-76351-76447-76540-77083-77349-77350-77430-77430-77445-77445-78005-78440-78490-78537-78621-79191-80021-80164-80570-80639-81065-81244-81257-84007-84019-84035-85191-86174-86194-87065-87085-91377-91434-91587-91617-93048-93051-93053-93066-93071-93078-93079-94054-94074-94081-95018-95199-95199-95218-95424-97407-97408-97414-97422
CAMILLE CLAUDEL;215;01053-02566-02806-03321-07319-07319-10357-10387-11116-13098-14167-16093-17010-17409-19123-21213-21231-21515-22106-24340-24520-26124-26170-26198-26333-27103-27229-28110-29039-29189-30211-30334-31113-31149-31277-31555-32013-33013-33063-33243-33281-33448-34090-34108-34157-34163-34172-34209-34270-35055-35250-35281-35360-35363-37002-37014-37050-37054-37122-37123-37172-37195-37208-37261-37267-38053-38172-38309-38399-38421-38425-38425-38509-38517-39198-40046-40279-40281-40281-40312-42044-42071-42123-42184-42207-42222-42223-42275-42305-42316-44020-44143-44172-44195-44210-44215-45232-45234-45252-49007-49127-49267-49331-50129-51055-52448-53062-53130-53147-54039-54215-54395-54526-56083-56098-56121-56158-56179-56231-57224-57323-57433-59143-59350-59112-59179-60395-62126-62193-62737-62773-63178-63352-65251-65331-66028-66049-66212-67137-68300-69243-69256-69290-70285-71212-72090-72181-72269-72346-73008-74268-75015-75115-76599-76599-76599-76599-77058-77294-77294-78089-78118-78123-78123-78124-78208-78208-78396-78621-78674-79049-80021-81060-81099-81105-81120-82121-83112-84092-84141-85279-86041-86066-86115-86163-86174-86194-86272-87002-87114-87158-90010-90075-90099-90099-91174-91326-91386-91552-91589-93048-93050-93063-93070-93073-94053-94059-94078-94079-95176-95197-95205-95394-95427-95637
SIMONE DE BEAUVOIR;197;03185-07349-10321-11076-11203-12145-14020-14488-15014-15014-17200-17300-19272-21231-22372-24550-26058-26116-26165-26252-27103-27229-29019-29039-29233-30189-30211-31113-31113-31282-31395-31396-31410-31488-31555-33013-33039-33162-33167-33249-33273-33318-33550-34037-34114-34120-34120-34154-34163-34172-34270-34298-35055-35055-35085-35115-35120-35150-35152-35197-35206-35236-35238-35240-35281-36044-36088-36195-37003-37172-37261-37267-37273-38317-38421-38517-42123-42123-42184-42275-42279-44009-44018-44020-44035-44143-44162-44168-44184-44209-44210-44215-49007-49176-49214-49246-49353-51055-52114-53130-54528-56083-56098-56121-56158-56178-56206-57433-57620-57663-57666-58088-58303-59013-59239-59350-59360-59650-60106-60589-61117-61391-62051-62126-62128-62276-62276-62401-62498-62753-63178-63300-66059-66136-67218-67482-69025-69092-69092-69248-69256-69259-69282-69290-69387-70285-71153-71486-72068-72080-72127-72181-76305-76497-76575-77083-77153-77284-77337-77349-77373-77430-77430-78208-78208-79191-80010-81257-82112-82121-86046-86046-86163-87065-87085-87146-89136-90010-91345-91573-91587-91617-91689-93008-93010-93048-93072-94002-94003-94044-94076-94078-94081-95176-95229-95424-97304
JACQUELINE AURIOL;195;01004-01089-05170-08003-08403-10325-11069-11262-11379-13014-13103-14047-16093-16102-17168-18213-18279-21355-22136-22215-22251-25560-26037-26116-26198-26281-27306-27684-29026-29075-29189-29233-30047-30141-30156-30255-31048-31069-31160-31187-31232-31421-31424-31445-31451-31526-31547-31555-31584-32013-33003-33009-33019-33039-33162-33281-33318-33422-34108-34108-34120-34120-34120-34120-34202-34270-35066-35136-35150-35228-35239-35275-35281-35334-35360-37018-37072-37109-37250-37267-37273-40065-40088-41018-41136-41269-41295-42005-42223-44032-44055-44131-44160-44163-44172-44187-47157-49007-49289-49331-53062-53062-53062-53147-54099-54528-56053-56083-56143-56206-56260-57119-57269-57306-57433-59178-59636-59324-60155-62133-62244-62263-63014-63113-64138-65433-65433-65433-65440-66037-66212-67008-67482-68118-69279-69282-69388-70550-72328-73008-74010-74011-77058-77323-78208-78269-78297-78418-78440-79003-81257-82112-83064-83144-84031-85002-85008-85024-85039-85047-85070-85081-85084-85096-85109-85129-85191-85300-86041-86066-86146-86194-87048-87065-87085-89024-90010-90075-91027-91161-91330-91689-92004-92020-93013-93047-93078-94054-94060-95277-95306-95427-95487-95607-95607
LUCIE AUBRAC;188;01345-01354-02168-02173-02203-02340-02408-02691-03013-03185-04112-04112-04197-07255-08003-09122-09265-11069-11369-12145-14167-14437-14456-15012-15145-16113-17190-18213-19031-21213-22215-24037-25047-25578-26191-26252-26324-26333-27602-28214-28422-29026-29039-29046-29173-29189-29232-29235-29241-30243-31032-31066-31113-31187-31282-31410-31446-31488-31555-32013-33013-33243-33318-34163-34172-34183-34310-35088-35139-37063-37159-37172-37208-37273-39198-41295-42237-42316-43046-44015-44052-44172-44190-44198-45068-47157-49191-49214-49244-49353-51432-54273-54521-54526-54528-55181-56101-56178-56179-56231-56260-57221-57433-57521-57663-57751-59013-59016-59126-59129-59214-59360-59410-59466-59482-59574-59650-59476-60463-62133-62244-62276-62757-62842-62865-63022-63113-63113-63194-63214-64140-66164-66172-66175-66186-67130-69152-69256-71059-71118-71306-71486-71495-72095-72373-74012-76305-76322-77083-77153-78165-78356-79049-79062-79191-79258-79351-80164-81004-81105-81116-82121-84019-84080-84099-85038-85052-85191-86158-87085-88079-89024-90010-90032-91326-91330-91552-91552-91649-92025-92040-93010-93046-93048-93053-94038-94053-94060
LOUISE-GENEVIEVE GILLOT DE SAINTONGE;148;11262-11262-14341-16089-16089-16167-16341-17005-17020-17027-17044-17046-17060-17063-17067-17071-17102-17104-17111-17134-17141-17146-17150-17150-17155-17181-17192-17202-17210-17225-17232-17235-17240-17254-17255-17255-17257-17257-17264-17266-17270-17274-17275-17280-17283-17291-17299-17304-17306-17309-17327-17351-17379-17380-17389-17393-17393-17396-17400-17406-17407-17415-17415-17421-17434-17440-17441-17442-17443-17449-17452-17461-17471-18033-21292-25284-29019-29075-29178-31044-31424-31424-31555-33005-33063-33073-33318-33529-35055-35066-35238-36088-38151-40133-44003-44035-44103-44109-44172-44184-44215-49092-49248-50129-50383-51172-51230-53201-57159-60057-62528-64514-72181-75003-75103-76429-76447-76575-78062-78354-78383-78674-79003-79170-79191-79202-79220-79346-80021-81105-83009-85003-86014-86014-86016-86016-86032-86139-86194-87075-87085-89024-89346-91692-93032-93050-93064-95018
MARGUERITE YOURCENAR;135;03185-03185-07349-10081-10081-14341-21213-21231-26058-26281-26362-27229-29019-29039-29069-29233-31113-31488-31555-32013-33162-33199-33550-34172-34194-34270-34298-34299-35120-35139-35152-35206-35281-36044-37050-37172-37172-37208-37273-38517-40065-42184-44015-44035-44109-44131-44143-44162-44184-45234-49007-49007-49099-49343-49353-51055-54215-56090-56185-56243-57433-59016-59165-59183-59271-59276-59340-59350-59352-59360-59378-59400-59431-59457-59462-59482-59535-59560-59588-59599-59663-59215-60395-60667-62126-62126-62193-62249-62476-62510-62587-62617-62624-62654-62736-62737-66136-66171-67482-69092-69256-69273-69282-71475-72068-75015-75115-76305-76322-76351-76495-76497-77122-77430-77430-78118-78423-78490-79191-81060-85082-85191-86041-87085-90010-91573-93008-93048-93048-93048-93079-94002-94081-95268-95394
DANIELLE CASANOVA;133;02566-03185-04197-07076-07319-07319-07319-11069-13214-13344-13004-13077-13102-14271-2A004-2A212-2A247-2A348-29019-29039-29072-29158-29165-30141-30284-31113-31421-31433-31547-31555-33013-34270-34301-37109-37115-37233-38151-42044-42183-42183-42187-44020-44047-44143-44172-44184-45147-49246-49353-51108-52448-54382-54580-56098-58134-58303-59279-59136-59136-60584-62133-62178-62270-62351-62841-69091-69199-69259-71190-72054-72054-72054-75001-75002-75101-75102-76305-76575-76681-76705-77122-77152-77294-77305-77420-77482-77482-77514-78005-78335-78335-80164-80718-83137-84019-86158-86174-89257-90010-91103-91434-91521-91570-91657-91667-91687-91691-92063-93001-93007-93029-93030-93048-93049-93050-93051-93057-93057-93064-93066-94017-94041-94055-94058-94060-94079-94081-95018-95063-95280-95504-95555-95585
SIMONE SIGNORET;132;01053-07255-08362-08362-10325-10333-11203-14076-14488-16374-18033-21355-22360-24037-24053-24294-24372-24520-25031-25056-25462-26058-26170-26235-26281-26362-27022-27116-27116-27284-28088-28229-29019-29051-29069-29216-29232-31282-31446-31555-32013-33003-33032-33039-33318-33366-33449-34032-34120-34140-34157-34172-34270-34298-35206-35206-35281-37122-37261-37267-37273-38140-40217-40217-42071-42149-44035-44047-44143-44184-45234-47100-47157-49007-49129-49214-49301-51055-53062-53185-56121-56162-56178-56185-56260-57433-59016-59155-60057-64445-69256-69277-69282-71270-72181-74012-76575-76640-77114-78005-78073-78208-79048-79191-80021-81004-81144-83061-84019-84035-84080-85052-85128-85191-86041-86046-86046-86066-86174-86272-87085-87126-90099-91549-91573-93048-95091-95277-95280-95637-97408-97418
OLYMPE DE GOUGES;127;02245-05179-07010-07324-14076-17190-17300-21166-21213-21231-21515-21603-22278-24037-24053-24138-25056-25112-26116-26281-27229-27284-28209-29019-29039-29220-29232-29233-31044-31149-31157-31282-31446-31506-31555-32013-33056-33167-34163-35066-35152-35238-35240-35284-37063-37172-37273-38140-38344-38421-42127-42184-42223-44015-44109-44120-44143-44162-44166-44172-44184-45252-45285-47157-47157-49007-49246-51454-53147-54526-54528-56083-56090-56121-56158-56193-57433-57683-59350-59360-60414-60589-61117-61391-62032-66028-66172-69256-70285-71118-71153-71475-72181-75103-76157-76305-77153-77251-77258-77296-77296-77337-78005-79049-79191-80489-81060-81284-82112-82121-82131-85191-86041-86174-86194-89155-89155-90010-91182-91649-92004-92036-93066-94044-94081-95488-95637
GEORGES SAND;120;01033-01249-01344-02157-03084-03101-07316-07349-09194-09261-11099-11266-11397-13015-13056-13077-13083-16199-17409-17415-17484-19123-19272-22004-24013-24294-24553-26313-27229-27275-28422-29069-29105-30011-30211-31149-31203-33063-33249-33478-34069-34108-34142-34154-34162-34163-34166-34300-34310-34325-34337-35012-38140-39097-46042-47168-50602-53147-53188-53219-54079-56010-56246-57571-57666-59586-59599-59650-59021-59392-60509-61117-62048-62523-62637-62895-63047-63225-63284-63300-66016-66141-67108-69275-70285-70550-72386-72386-73032-73032-76101-76482-76640-77124-78172-78440-80164-80725-82186-85215-85279-89136-89257-89257-89399-91201-91494-91691-92009-92050-93078-95116-95306-97304-97311-97407-97408-97412-97422-97422
FRANCOISE DOLTO;113;01014-01283-04112-04112-06004-11369-13015-14076-17300-21166-21231-21515-22389-24037-24264-25056-26058-26088-26116-26362-27602-29019-29039-29039-29075-31395-31446-31555-33162-33243-33281-33318-34172-35055-35139-35275-35360-37208-37208-37267-37273-38140-38140-38151-38399-38509-41295-42218-42275-42332-44143-44162-44172-44186-44189-44210-49007-49023-49347-50173-51454-55029-56001-56007-56036-56121-56137-56178-56206-56260-59165-59299-59457-60234-62048-62051-62126-62173-64405-65417-65460-66017-67180-69286-71270-72003-75113-76540-76575-77053-77284-77430-77430-78383-79191-81038-81105-82125-85060-85166-85191-86194-86194-87050-87154-89354-90010-91027-91330-91649-93066-95280-95607
BERTHE MORISOT;104;07102-10343-14623-14762-18213-22118-22360-25056-26116-26198-29039-31113-31555-32013-34032-34032-34079-34270-35006-35066-35080-35238-35238-35278-35288-35297-35327-37002-37115-37261-37273-38282-40046-40046-41269-42218-42305-44066-44162-44162-44172-44184-49015-49015-49020-49042-49127-49276-51055-53127-56098-56121-56260-57211-57433-59155-59165-59350-60057-62193-62473-62510-63075-64422-66050-66050-66114-66136-66171-67067-67137-69290-72181-77058-77114-77268-77337-77337-77438-78089-78092-78118-78123-78190-78327-78403-78418-85047-85182-85191-87085-89257-91345-92063-92078-93047-93078-94028-94044-95039-95176-95306-95424-95539
ANNE DE BRETAGNE;97;22136-22219-22278-22279-22282-22341-28134-29027-29031-29046-29047-29051-29069-29069-29075-29117-29197-29220-29233-35012-35024-35040-35069-35098-35115-35118-35131-35154-35155-35161-35175-35176-35184-35208-35253-35253-35257-35301-35322-35334-37122-37122-37123-37261-37273-37273-41018-41018-41194-44015-44035-44036-44055-44069-44069-44073-44109-44120-44141-44156-44215-44217-49289-53130-56007-56017-56024-56040-56070-56075-56078-56101-56101-56117-56121-56121-56123-56137-56140-56140-56143-56158-56159-56160-56173-56175-56178-56184-56189-56190-56197-56222-56229-56240-56248-56259-77100
BARBARA;95;03185-07324-11203-14258-14566-21171-22161-24037-26252-27275-29019-29105-29232-31157-31446-31555-32013-33005-33393-34157-34172-34298-35055-35238-35281-36063-37018-37050-37156-37217-38421-42044-42187-44109-44143-44162-44179-44184-44210-44215-45119-45308-47157-49007-49023-51055-53147-54263-56007-56158-56178-56206-56260-57433-57659-59113-59383-60368-62019-62040-62065-62119-62259-62842-65440-67327-69256-70184-70285-72154-72181-76217-76575-77058-77277-77333-77430-77430-78029-78297-82121-85060-85191-87085-89024-89102-90075-91432-91552-91573-91691-93055-93059-95424-95607
MIREILLE;89;06029-06029-06079-06088-11170-13002-13005-13028-13028-13208-13209-13338-13339-13001-13004-13004-13019-13019-13026-13027-13032-13035-13037-13045-13050-13052-13053-13054-13058-13063-13065-13072-13078-13081-13083-13084-13094-13096-13097-13098-13100-13107-13118-13118-14118-19010-19031-26362-30003-30034-30047-30059-30133-30156-30189-30189-30211-30326-30326-30341-31555-33229-34003-34095-34157-34324-59328-75101-83023-83042-83061-83115-83123-83130-83137-83137-83137-83152-84007-84037-84055-84080-84129-84132-85191-87085-91589-93013-94059
SIMONE DE BEAUVOIR;84;02671-07013-07245-10025-14478-14689-14689-17148-17148-17221-17443-27094-27245-28075-28088-28419-30032-31506-35130-36116-37214-38036-38078-38078-38416-38486-41046-41174-44020-45232-45232-51119-59601-60058-60664-69218-71056-71205-71205-72257-73065-73171-73179-76223-76223-76263-76292-76364-76431-77010-77107-77493-79144-79166-79176-80060-80160-80173-80331-80678-85029-85047-85047-85166-85166-85214-85221-85234-85280-85280-85297-85297-85297-86157-86157-86158-86180-86180-89024-89118-89175-89377-91228-91525
MARGUERITE DURAS;84;01289-07349-09265-10321-14076-14456-21515-24520-26058-29019-29039-29233-29254-31282-31410-31488-31555-31555-32013-33003-33162-33249-33478-34298-35120-35152-35206-37109-37122-37261-37273-40001-40065-42147-42184-42184-42187-42187-44109-44162-44184-47086-47100-49214-49353-51055-54039-56083-56121-56231-57433-57433-57660-58151-58194-59271-59650-59063-62498-66008-70285-72080-72127-72181-75113-76351-76540-76575-77083-77258-77430-77430-77514-81257-85191-85279-86174-87085-87114-90010-91573-93010-94081-95280
FLORA TRISTAN;83;03321-11203-17300-21231-22278-23008-23096-24053-28209-29026-29039-29173-30028-31113-31157-31446-31555-32013-33013-33056-33140-33167-33238-33318-34163-34172-35238-35238-37156-38140-38309-38421-42184-42184-42184-42184-42302-44020-44101-44109-44143-44162-44184-45252-49007-54526-56083-56121-61117-61391-62193-64422-67482-75114-76322-76410-76497-76540-76640-77122-77294-77305-77373-77390-78208-78208-79191-81065-82121-83062-84007-85166-85191-86041-87085-90010-90010-93048-93066-93078-95218-95637-97407
MADAME DE SEVIGNE;83;03166-06079-08105-11170-13004-13050-13050-13083-26008-26057-29075-29232-29260-30011-30011-34310-35012-35031-35068-35120-35147-35161-35236-35260-35338-37050-37267-37273-38357-38563-40281-40281-41018-44003-44004-44035-44094-44158-44162-44184-45234-49367-51662-53108-53130-53140-53147-53201-56007-56098-56121-56127-56143-56181-56206-56257-57433-59273-59339-59139-61342-62186-66136-66186-66195-69287-76276-76351-76374-77058-78358-78423-78423-78688-79191-80622-85191-86066-91085-91534-94028-95582-95582
ANNA DE NOAILLES;80;06069-13213-13343-15014-15014-19031-27023-28227-30133-36044-51108-59390-60012-60030-60057-60063-60065-60135-60143-60282-60313-60437-60439-60439-60575-60598-60651-62270-71207-78158-78397-78498-78551-78551-78646-81067-83069-83069-85050-89167-07102-11069-11106-13004-17190-19123-21171-26058-27020-29039-31555-33312-35126-37050-44003-44020-44036-44179-51172-60159-60342-64445-66136-66171-69290-72181-74119-74218-75016-75116-77122-77445-78423-78423-81060-85191-91201-91386-95585-95652
SUZANNE VALADON;76;01053-01339-03321-11076-11099-11106-13112-25056-26198-26362-29189-31113-31389-31555-34032-34172-34237-35297-35327-37115-37122-37261-37273-38169-42094-42184-44066-44162-44162-44184-45234-59155-62193-66011-66114-66136-67482-69009-69013-72181-75018-75118-76351-77058-77100-77317-77390-78621-79049-79081-79191-81004-84137-85191-86041-86115-87011-87014-87050-87085-87105-87113-87114-87125-87154-87169-87191-87205-91573-93059-93070-95424-95427-95491-95582-95585
MARIE LAURENCIN;76;03321-11106-11379-13112-18033-26198-29019-31113-31555-31555-33366-33449-34032-34172-35080-37050-37109-37122-37208-37273-38517-44020-44035-44106-44162-44210-45284-49099-51055-51454-53062-54526-56098-56121-56260-62193-62427-62737-66021-66114-66213-71486-75012-75112-76599-76599-76599-76599-77294-77390-77438-78118-78361-79049-79081-80021-81004-81271-83070-84081-85191-86041-86115-86272-87085-91235-91573-93010-93010-93078-94019-94059-95176-95476-95491-95500
ANNE FRANCK;73;01033-03098-13007-14762-17200-17463-18279-21292-22360-24138-24557-31113-33013-33192-34032-34032-34299-35150-37031-37156-37172-38425-39526-42123-42184-42184-42279-44006-44143-50267-50502-54526-59016-59202-59276-59286-59314-59527-59574-62361-62841-62842-68066-68155-69091-69256-71475-71486-72331-72373-77153-77327-77495-78165-78206-78423-80674-82033-82112-82121-85052-85166-86041-86066-87085-88009-90099-94033-95252-95371-95487-95582-95582
DANIELE CASANOVA;67;02340-02539-03101-08362-13077-14225-18108-18133-18279-22360-24053-24294-26198-26252-26252-26281-28085-28229-28404-29235-30007-32013-36088-37122-38468-38538-39189-46042-51210-51573-59227-59421-59508-59569-59079-59179-59249-59475-59603-60589-65007-66028-66141-66195-76319-77327-77350-78267-78545-78621-78674-82190-83033-83062-91345-91549-91573-92024-93008-94033-94046-94046-95052-95203-95268-95487-95504
SARAH BERNHARDT;67;03013-07078-09194-11266-13112-17200-22278-25056-25462-26198-26362-28404-29019-29232-31555-31555-33005-33005-33162-33281-33318-34172-35238-35238-35284-36044-37224-37273-37273-38421-44055-44109-44143-44184-44215-51573-56009-56121-56178-59165-59462-69256-69277-71076-71306-71486-73008-75020-75120-76351-77058-77258-77258-77284-77337-78118-79080-81004-83061-83061-84019-85191-87085-92004-93078-94017-95491
SEVERINE (CAROLINE REMY);62;06130-13002-13211-13213-13214-13215-13341-13343-13344-13345-13004-13091-13108-19031-26362-30032-30189-30189-31033-31035-31555-35238-37261-37261-42218-44143-44184-45255-54115-60119-60491-60537-62041-62771-63113-69266-75020-75120-78311-78423-78688-83126-83153-84007-87085-91161-91326-91326-91589-92026-92019-92040-93005-93057-93059-93061-93070-94017-94043-94076-95280-95585
LOUISE WEISS;58;06004-08362-12145-18033-22050-26362-29069-31044-31555-33090-35238-35284-36159-37172-37208-37267-37273-44006-44109-44143-44184-45234-49214-55029-56158-56206-57269-59017-59426-59585-62041-62186-62617-62624-66171-67112-67130-67371-67482-68021-69286-75013-75113-76322-76402-76540-78172-78208-78208-79185-79191-80308-85191-91573-93010-93049-95488-95572
GERMAINE TILLION;57;03013-07349-16166-17449-22215-22215-26281-27681-29075-29235-31066-31446-31547-31555-33013-33162-33167-33318-34172-35047-35238-35238-35245-35281-37063-38169-42184-44109-44143-44162-44172-49007-49214-51454-53130-53147-56007-56078-56090-59350-59574-59564-63164-69256-69259-69266-72181-77327-79191-85191-86158-91027-92050-93010-94044-94060-95277
ANNE FRANK;53;21231-22215-22278-25056-26252-28134-30189-31488-31488-32013-33063-34140-37273-37273-38421-39097-39300-42127-42218-42223-45302-49007-52045-54215-56178-59165-59322-62032-62215-62753-62758-63164-69010-69283-70120-70285-76305-77153-77468-78005-78297-78356-78423-85191-86078-86272-90010-91549-91685-93008-93048-93078-94033
ROSA PARKS;53;03321-14118-21166-21515-23096-25056-29019-29075-29232-29233-30243-31446-31506-33013-33167-34032-34172-35066-35281-38158-38185-42127-42184-44109-44143-44172-44184-49007-49246-49294-56007-56083-56098-56158-56178-56243-58086-58303-59602-62032-62498-63113-69389-76178-89387-92036-93027-93048-93066-93070-94081-97209-97304
JOSEPHINE BAKER;49;10325-17200-18033-19031-19031-21171-24037-24520-29019-33005-33063-34032-34172-35055-37273-37273-38421-44032-44035-44143-44162-44210-49007-49023-51454-54395-56178-62040-66212-69387-69387-71270-72176-75114-76575-77058-77350-77430-78029-86066-87019-87065-87085-89024-91027-91573-93008-93027-95280
ANJELA DUVAL;48;22161-22162-22176-22187-22215-22251-22278-22340-22343-22360-22389-29004-29015-29039-29051-29061-29106-29106-29117-29124-29156-29160-29173-29189-29191-29197-29197-29209-29212-29212-29216-29220-29232-29277-29293-29302-35024-35120-35189-35236-35238-44215-56040-56083-56098-56121-56206-56231
COMTESSE DE SEGUR;48;12001-12120-19031-19121-19121-33012-33013-33036-33063-33077-33312-33395-34108-37261-61008-75007-75007-75015-75107-75107-75115-83123-85279-87071-95392-97126-26235-29019-31573-36044-37273-42279-44162-56007-56121-56162-56176-56206-59507-61214-61278-64410-64410-66171-81004-83049-87050-97422
COLETTE BESSON;48;01053-09194-13075-17010-24053-24098-29019-29189-31149-31165-31446-31460-32013-32160-33005-33167-33352-34032-34300-35047-35219-35275-35363-44015-44018-49007-49331-56098-56206-57751-57757-59350-60057-66037-66212-67482-69278-72042-72058-72328-81004-81116-82121-85288-86194-87019-88413-91573
REINE VICTORIA;47;03310-03310-03310-06027-06030-06068-06069-06069-06083-06088-13213-13343-14251-17447-22055-22179-24322-33009-33281-33281-33318-44024-56007-59163-63308-64483-68313-72181-73008-75001-75004-75101-75104-76351-80118-80799-83069-83071-83123-83123-94017-94059-94068-94068-97407-97408-97409
MARIE NOEL;45;10081-10081-21054-21171-21231-21355-21540-21617-26058-37050-44003-44162-57666-65440-66016-69157-71486-77058-78321-78423-78423-89013-89024-89025-89055-89066-89118-89125-89136-89139-89257-89263-89309-89338-89345-89369-89387-89399-89407-89419-89449-89478-95176-95582-97212
DUCHESSE ANNE;43;22050-22186-22187-29019-29024-29024-29055-29149-29212-29212-29232-29251-35029-35066-35073-35085-35124-35173-35188-35206-35210-35222-35238-35259-35278-35284-35288-35327-44010-44047-44055-44063-44072-44109-44135-44154-44182-44183-56173-56186-56186-56240-56251
ALIENOR D'AQUITAINE;42;16028-16281-17086-17086-17093-17219-17300-17306-17323-17337-17347-17385-17415-17436-18033-19123-24311-33063-33243-33274-33274-33554-36094-37072-37273-40187-49007-49020-64230-76103-79101-79191-79191-85162-85191-85288-86066-86160-86166-86166-86174-86194
JEANNE D'ALBRET;41;09122-17283-24037-24064-31291-31291-32027-32096-33063-40081-40119-40119-40119-40119-40167-40192-40217-40217-40243-40245-40280-40280-40284-40313-40317-40333-47001-47052-47167-47168-47195-59036-64102-64191-64191-64230-64230-64269-64339-64339-87049
LOUISE LABE;41;01427-07349-11069-11076-15014-17190-21171-26058-27229-31113-31555-37003-38344-38421-38509-44020-45234-56098-57160-57433-59350-59355-59179-60670-64445-69264-69270-69277-69279-69287-75019-75119-76026-77122-78643-85191-86194-91570-93078-93078-95116
JEANNE JUGAN;41;06069-06088-13204-13334-16015-17300-18033-22050-22278-29124-33063-34032-34172-35049-35131-35147-35210-35238-35284-35288-42218-44109-45234-49007-49007-50218-51454-53130-56127-57463-58194-59183-59392-63113-66136-69264-69383-75012-75112-79191-83137
MARIE MARVINGT;39;10357-15014-15145-28015-31032-31364-31555-33281-34172-37273-42218-44109-44172-49007-51326-51454-54099-54274-54328-54395-54395-54483-54495-54528-56243-56260-57463-59178-63063-65440-67482-76575-81004-86066-88079-88160-88413-89257-91235
MARQUISE DE SEVIGNE;38;02571-03023-03310-03310-03310-03310-06030-06088-06088-13215-13345-21231-22136-24037-26146-26235-26362-34324-35006-35051-35167-35360-40088-43112-49328-59646-62048-62119-62119-62498-63113-65129-69092-69092-69383-72179-84129-84129
MADY DE LA GIRAUDIERE;38;01332-01332-06152-17485-17485-18279-18281-28354-35207-37022-38236-41031-41150-42305-44009-44026-44122-44182-45327-45327-49046-49046-49281-49296-69021-69021-69027-69027-72060-72106-85163-85191-85307-86048-86113-86115-86115-86186
JOSEPHINE (DE BEAUHARNAIS);37;02691-13215-13345-17122-17145-17449-27229-33009-33063-33397-56178-59368-59368-60176-62318-75018-75118-76287-78190-83123-83137-92063-92012-92049-92064-92064-92064-93051-93053-94028-94037-94041-94058-94059-95018-95430-97415
MARYSE HILSZ;36;11069-11069-13054-22136-31069-31460-31555-33449-34270-40192-40279-41018-44055-44172-47157-54395-57631-59178-65440-66136-67397-67482-69282-75020-75120-76322-79191-81257-86194-87085-91494-92044-92063-93071-94021-95598
FRANCOISE SAGAN;35;07349-11076-14197-22225-24013-29019-31149-31410-32013-34143-34172-35085-35120-35139-35206-37123-37261-42184-44162-44184-51055-62048-62193-70285-71486-72181-73008-76351-77153-79191-80570-81060-85191-87085-93078
MARGOT (MARGURITE DE VALOIS);34;02650-10052-10052-10121-18087-19278-21082-21399-25042-25557-33162-35076-36103-44029-49081-50402-51411-52113-53264-58112-59187-59542-60133-60156-60315-60504-62406-71122-80271-91482-91687-91687-94015-95127
DULCIE SEPTEMBER;34;13041-22278-26252-27229-27681-38140-38421-44052-44109-44184-49007-56083-56121-59220-62065-62215-62570-63069-69256-69259-71118-72054-72181-75010-75110-76178-77294-84007-90010-91657-91657-93027-93070-94017
ANITA CONTI;34;06161-17274-17300-22113-29039-29124-29173-29197-29209-29232-29241-29288-29302-31446-35001-35047-35047-35047-35088-35189-35245-35288-44109-44184-49246-56083-56098-56162-56178-56260-62160-76259-79048-85191
ANDREE LOUISE BOYER;34;05046-06083-06088-13005-13016-13203-13208-13333-13338-13060-27458-27458-30152-30324-33039-33063-33243-33243-34172-48061-64393-64393-75020-75120-78474-84007-84031-84031-84031-84143-97401-97408-97416-97420
LOUISE DE BETTIGNIES;33;17168-17168-29019-29232-31149-35238-51573-56260-59009-59009-59143-59276-59279-59328-59339-59350-59431-59462-59508-59648-59650-59033-59302-59324-59515-59526-62274-62497-62624-62637-62842-85191-92025
FRANCOISE GIROUD;32;02028-17300-18239-21231-29019-31446-31555-32013-33039-33249-34079-34299-35055-35120-35152-37122-37261-37273-41295-44109-45285-47106-56083-56178-57433-69275-69389-73008-79329-87114-93078-97422
CLAIRE FONTAINE;31;06157-09324-15092-16291-17393-30351-31389-31433-31483-35093-44024-44029-44047-44095-44172-44187-49100-54011-56006-56075-56075-57114-66024-80620-83036-84007-87065-87065-87085-93051-95563
ANGELA DUVAL;31;22025-22034-22070-22113-22156-22207-22211-22387-29011-29019-29024-29027-29087-29149-29169-29212-35047-35208-35210-35278-35278-35281-35334-44162-44184-56007-56167-56178-56179-56185-56251
SIMONE WEIL;30;03321-13213-13343-21603-26058-29232-31157-31555-34032-35238-35240-35281-37261-39300-42184-42187-42302-44015-44143-44184-49007-49246-59400-75013-75113-77058-77390-78160-78165-78688
ROMY SCHNEIDER;29;10325-18033-21292-24037-26057-26362-29019-29051-33318-34172-35055-37273-38425-44035-44047-44143-44184-47209-49007-49244-49301-62510-77114-78005-78073-87085-90075-95277-95280
MARGUERITE DE NAVARRE;29;16102-16281-31149-32013-32249-34166-40192-47001-50218-57160-64138-64230-64230-64335-64335-64410-64410-64417-64422-64422-65235-65331-65331-67482-75001-75101-77100-78455-78643
JEANNE D ALBRET;28;17300-32013-40135-40192-40202-40328-47186-64284-64284-64335-64335-64405-64410-64410-64410-64416-64416-64430-64445-64499-64499-65059-65440-65460-77100-78551-87001-87085
CHANTOISEAU;28;01116-01244-03185-03185-05061-16341-16341-16341-17225-17415-19031-19288-37109-37193-42184-42316-49007-49192-60206-69083-69177-69202-69242-72042-76328-76389-77463-91540
MARIE MAURON;27;13042-13086-13001-13004-13043-13047-13058-13069-13071-13098-13114-13117-26324-30011-30011-83047-83062-83098-83118-84007-84031-84035-84054-84054-84080-84129-84142
MADELEINE BRES;27;11206-17274-25056-26058-26124-26281-26362-35275-35334-35360-37077-44009-44162-44184-51573-53130-54273-56083-56178-56206-59350-66028-75113-77251-78490-85191-86194
SIMONE VEIL;26;01354-05017-28088-34090-35120-35139-37063-37263-47106-49264-49373-54099-56007-56158-56165-59015-60581-62842-63124-63397-66212-72023-73008-76305-77317-81105
MADELEINE RENAUD;26;14383-14488-18033-26362-27229-31395-34172-34270-37273-44035-49007-56162-56178-60057-69277-71270-72181-77058-77166-78621-81004-85191-87085-90075-91458-95280
MARIA CALLAS;25;03321-08173-14383-24037-26057-26362-34079-34154-37208-44020-44184-49023-51055-56121-56178-75016-75116-76575-78423-79191-85191-90075-93008-93078-95280
MADAME DE STAEL;25;01354-03185-26058-26362-29232-35085-35120-37273-41091-44184-56098-57463-59350-59355-62186-66136-66186-67482-72181-74243-77373-77430-77430-83049-92024
VEGA (MARGUERITE-ALICE DE WEGMANN);25;13215-13345-26037-26124-27375-30356-31069-31282-31351-33009-33200-34108-40133-44026-44143-53146-56186-56206-64024-72200-74067-83068-85191-91659-97415
SOPHIE GERMAIN;24;13015-15014-18033-21231-25056-26170-26362-29039-29069-34172-35139-35275-35334-44066-44109-44184-51172-56083-63032-75014-75114-77192-77294-90010
ARLETTY;24;15014-24294-26198-29019-29051-31555-34172-35055-35206-40312-40312-44047-56009-60139-72181-77114-78073-79048-81004-82121-85060-85191-85279-92026
BLANCHE DE CASTILLE;23;30321-34192-37122-45073-45187-45187-50550-51217-51309-51320-52463-54261-60346-76451-77088-77152-78190-78498-80561-91425-92002-95060-95572
JOAN RIVIERE;23;10352-10352-11144-14721-32107-33243-51302-62693-62787-63069-63070-65328-67361-69266-75020-83067-85222-85222-85222-91359-94076-97413-97422
SONIA DELAUNAY;23;14383-25056-26281-29039-31557-33013-42184-42184-44109-44143-49007-51055-56206-56260-71059-72181-76575-78674-85191-86272-91657-94017-94076
ROSA LUXEMBOURG;22;07324-14167-24037-26252-33256-35240-35281-36159-44020-44162-54526-60589-62643-78311-80164-81257-91457-91573-93048-93078-94076-95218
MICHELINE OSTERMEYER;22;14762-24098-27229-29039-33167-34032-35238-37267-53140-56121-56260-57757-76325-76351-76540-76610-76758-78208-81004-86041-86194-93066
ANGELE VANNIER;22;29069-29075-29232-35019-35024-35115-35118-35120-35188-35210-35236-35236-35238-35240-35254-35266-35337-35352-56164-56251-56251-56260
PAULINE KERGOMARD;22;17190-18033-18267-21231-33063-33119-44143-44168-45031-56178-56260-69273-69387-72054-75020-75120-76351-78335-78455-79191-86066-95607
NOTRE DAME DES ANGES;21;06030-06030-13002-13206-13208-13336-13338-43224-44114-54395-59368-66069-83042-83067-83092-83144-84082-93047-93047-93053-93062
MERE TERESA;21;08105-08190-13117-17434-31395-34032-35238-39333-44162-45142-54184-54528-57443-59295-62041-64445-84007-85166-88413-93071-97304
JEANNE HACHETTE;20;34172-37273-59183-59350-59367-60057-60057-69383-75015-75115-83137-85191-87040-92020-92023-93005-94041-94041-94041-94041
CHRISTINE DE PISAN;20;18033-22278-26058-31555-33065-33449-35126-35238-44184-45234-57160-59273-75017-75117-78498-78643-85191-91340-91570-93078
MARIE ANTOINETTE;20;06004-06004-06157-13005-13063-37261-43236-44154-59421-62318-62826-69204-69244-69266-76216-83123-84007-92046-92047-97415
BERTHE (BERTRADE DE LAON);20;10396-13208-13338-14394-37261-37261-44154-59527-75018-75118-78643-92025-92022-92046-93031-93046-93046-93070-94017-97407
DIANE DE POITIERS;18;07186-26088-26096-26198-26271-26333-28007-35253-37273-42279-61464-75019-75119-77100-78043-84007-86194-89005
BERTIE ALBRECHT;18;13039-18279-19123-37172-37273-44162-58134-75008-75108-77327-77445-78335-78335-85191-85191-92007-93066-94033
CAROLINE AIGLE;18;08403-11262-13014-16093-21133-21231-21473-29075-31445-31480-44172-57447-59122-65433-65440-78297-86194-94054
AGNES SOREL;18;18033-18141-18288-36136-36246-37046-37072-37078-37097-37111-37122-37132-37273-37274-41252-42279-77100-86066
GERMAINE TILLON;18;07349-19031-21231-26324-29173-33013-33243-35120-35360-37109-43003-56053-56130-60589-63124-63178-91326-93001
MARIA MONTESSORI;18;21390-25056-26362-28134-32160-34172-37172-45031-51030-56260-60057-67482-71306-71486-77053-78335-78531-92004
LOUISE DE VILMORIN;17;33075-37050-51573-54528-58303-58303-59317-62274-67482-77243-78321-81004-91041-91386-91573-94044-95176